orderid,customerid,employeeid,paymentid,petid,orderdate,totalamount
"89125236","49549545","34400788","47627524","58695741","2025-03-23","65"
"40153351","19987199","66592549","19934378","24106914","2025-07-01","36"
"69495346","92337433","16630985","13882656","20293216","2025-11-18","47"
"41959014","59699128","34653468","13031060","94154352","2025-03-18","71"
"93962941","72324324","71599737","72876611","64201150","2025-11-18","49"
"22094268","79606494","24153876","38558109","68330735","2025-11-10","103"
"73155516","76382549","67491311","14531424","24754912","2025-12-29","106"
"40554496","77129345","55767890","41953487","97354734","2025-11-15","62"
"96557029","15958405","34653468","20358115","63753835","2025-03-18","61"
"14242724","59699128","16630985","13031060","60936577","2025-04-17","106"
"46380304","79665820","55767890","34916508","14395316","2025-01-25","27"
"92471653","61346846","67491311","81278498","14182768","2025-02-10","94"
"49753075","94233402","34400788","53363385","64277883","2025-02-16","29"
"76400215","33658382","31641753","80817238","70848401","2025-05-06","58"
"77903142","22765303","66592549","39538485","17030727","2025-12-06","60"